,Gulls,Slope small demersal piscivores,Seagrass,Deep demersal sharks,Large phytoplankton,Detritus POM,Mackerels,Mesozooplankton,Shelf macrozoobenthos,Macroalgae,Gannets,Shelf pelagic sharks,Migratory mesopelagics,Shearwaters,Deep macrozoobenthos,Common dolphins,Tunas and billfish,Non-migrating mesopelagics,Microzooplankton,Garfish,Rock lobster,Shelf demersal sharks,Shelf small demersal piscivores,Small petrels,Benthic carnivores (infauna),Shelf large pelagic piscivores,Offshore pelagic invertivores large,Shelf large demersal omnivores,Offshore pelagic piscivores,Crabs & bugs,Slope large demersal omnivores,Import,Redbait,Deep filter feeders,Detritus,Western king prawn,Little Penguins,Gelatinous zooplankton,Offshore pelagic sharks,Albatross,Benthic grazers,Long-nosed fur seal,Pelagic bacteria,Squid & cuttlefish shelf,Shelf small demersal omnivores,Shelf large demersal piscivores,Slope small demersal invertivores,Octopus shelf,Small phytoplankton,Benthic detritivore,Australian sea lion,Deep squid,Skates and rays,Bottlenose dolphins,Shags and cormorants,Australian fur seal,Large zooplankton,Meiobenthos,Baleen whales,Toothed whales,Anchovy and other small pelagics,Shelf filter feeders
Gulls,0.05,0.0,0.0,0.0,0.0,0.0,0.0,0.0,0.0,0.0,0.0,0.0,0.0,0.0,0.0,0.0,0.0,0.0,0.0,0.0,0.0,0.0,0.0,0.0,0.0,0.019999999999999997,0.0,0.0,0.0,0.0,0.0,0.0,0.0,0.0,0.0,0.0,0.0,0.0,0.0,0.0,0.0,0.0,0.0,0.0,0.0,0.0,0.0,0.0,0.0,0.0,0.0,0.0,0.0,0.0,0.0,0.0,0.0,0.0,0.0,0.0,0.0,0.0
Slope small demersal piscivores,0.0,0.0,0.0,0.0,0.0,0.0,0.0,0.0,0.0,0.0,0.04,0.0,0.0,0.0,0.0,0.0,0.0,0.03,0.0,0.0,0.0,0.0,0.0,0.0,0.0,0.0,0.0,0.02777777777777777,0.0,0.0,0.0,0.0,0.0,0.0,0.0,0.0,0.0,0.0,0.0,0.06,0.0,0.0,0.0,0.0,0.0,0.0,0.0,0.0,0.0,0.0,0.0,0.0,0.0,0.0,0.0,0.0,0.0,0.0,0.0,0.0,0.0,0.0
Seagrass,0.0,0.0,0.0,0.0,0.0,0.0,0.0,0.0,0.0,0.0,0.0,0.0,0.0,0.0,0.0,0.0,0.0,0.0,0.0,0.4,0.019999999999999997,0.0,0.0,0.0,0.0,0.0,0.0,0.0,0.0,0.0,0.0,0.0,0.0,0.0,0.0,0.25,0.0,0.0,0.0,0.0,0.01,0.0,0.0,0.0,0.008547008547008546,0.0,0.0,0.0,0.0,0.0,0.0,0.0,0.0,0.0,0.0,0.0,0.0,0.0,0.0,0.0,0.0,0.0
Deep demersal sharks,0.0,0.0,0.0,0.0,0.0,0.0,0.0,0.0,0.0,0.0,0.0,0.049875311720698236,0.0,0.0,0.0,0.0,0.0,0.0,0.0,0.0,0.0,0.0,0.0,0.0,0.0,0.0,0.0,0.0,0.0,0.0,0.0,0.0,0.0,0.0,0.0,0.0,0.0,0.0,0.05,0.0,0.0,0.019999999999999997,0.0,0.0,0.0,0.0,0.0,0.0,0.0,0.0,0.0,0.0,0.0,0.0,0.0,0.0,0.0,0.25,0.0,0.0,0.0,0.0
Large phytoplankton,0.0,0.0,0.0,0.0,0.0,0.0,0.0,0.25,0.16,0.0,0.0,0.0,0.001176470588235294,0.0,0.19444444444444442,0.0,0.0,0.05,0.59,0.0,0.0,0.0,0.0,0.0,0.0,0.009999999999999998,0.0,0.0,0.0,0.0,0.0,0.0,0.0,0.04999999999999999,0.0,0.25,0.0,0.3,0.0,0.0,0.0,0.0,0.0,0.0,0.017094017094017092,0.0,0.11999999999999997,0.0,0.42,0.33,0.0,0.0,0.0,0.0,0.0,0.0,0.23,0.0,0.0,0.0,0.04950495049504951,0.3366336633663366
Detritus POM,0.0,0.0,0.0,0.0,0.0,0.0,0.0,0.0,0.0,0.0,0.0,0.0,0.0,0.0,0.0,0.0,0.0,0.0,0.0,0.0,0.0,0.0,0.0,0.0,0.0,0.0,0.0,0.0,0.0,0.0,0.0,0.0,0.0,0.0,0.0,0.0,0.0,0.0,0.0,0.0,0.0,0.0,0.0,0.0,0.0,0.0,0.0,0.0,0.0,0.0,0.0,0.0,0.0,0.0,0.0,0.0,0.0,0.0,0.0,0.0,0.0,0.0
Mackerels,0.0,0.0,0.0,0.03999999999999998,0.0,0.0,0.0,0.0,0.0,0.0,0.04,0.021197007481296753,0.0,0.0,0.0,0.0,0.0,0.0,0.0,0.0,0.0,0.0,0.0,0.0,0.0,0.0,0.0,0.0,0.0,0.0,0.0,0.0,0.0,0.0,0.0,0.0,0.0,0.0,0.08,0.0,0.0,0.0,0.0,0.0,0.0,0.0,0.0,0.0,0.0,0.0,0.0,0.0,0.0,0.0,0.0,0.0,0.0,0.0,0.0,0.0,0.0,0.0
Mesozooplankton,0.0,0.11999999999999997,0.0,0.05999999999999997,0.0,0.0,0.5604395604395603,0.15,0.11,0.0,0.0,0.0,0.6776470588235293,0.04,0.13888888888888887,0.12,0.0,0.17,0.02,0.1,0.0,0.0,0.09999999999999998,0.12,0.0,0.09999999999999998,0.2586206896551724,0.0833333333333333,0.15,0.08,0.06999999999999999,0.0,0.22,0.5599999999999999,0.0,0.0,0.02,0.35,0.0,0.0,0.01,0.0,0.0,0.36,0.4102564102564102,0.0,0.08999999999999998,0.08,0.0,0.0,0.0,0.009900990099009901,0.0,0.01,0.0,0.0,0.15,0.13,0.2,0.0,0.37623762376237624,0.24752475247524747
Shelf macrozoobenthos,0.0,0.019999999999999997,0.0,0.07999999999999996,0.0,0.0,0.0,0.08,0.0,0.0,0.0,0.024937655860349118,0.0,0.03,0.06944444444444443,0.12,0.009999999999999998,0.01,0.0,0.0,0.16999999999999998,0.18292682926829262,0.0,0.04,0.0,0.019999999999999997,0.17241379310344826,0.05555555555555554,0.01,0.04,0.039999999999999994,0.0,0.0,0.009999999999999998,0.0,0.0,0.0,0.0,0.03,0.0,0.0,0.029999999999999992,0.0,0.01,0.034188034188034185,0.04999999999999999,0.039999999999999994,0.08,0.0,0.0,0.0,0.009900990099009901,0.09999999999999998,0.05,0.03529411764705881,0.0,0.03,0.0,0.0,0.009999999999999998,0.0049504950495049506,0.0
Macroalgae,0.0,0.0,0.0,0.0,0.0,0.0,0.0,0.0,0.14,0.0,0.0,0.0,0.0,0.0,0.0,0.0,0.0,0.02,0.01,0.0,0.04999999999999999,0.0,0.0,0.0,0.0,0.0,0.0,0.02777777777777777,0.0,0.15,0.0,0.0,0.0,0.029999999999999992,0.0,0.0,0.0,0.0,0.0,0.0,0.59,0.0,0.0,0.0,0.05128205128205127,0.0,0.0,0.0,0.01,0.0,0.0,0.0,0.0,0.0,0.0,0.0,0.0,0.0,0.0,0.0,0.0,0.09900990099009899
Gannets,0.0,0.0,0.0,0.0,0.0,0.0,0.0,0.0,0.0,0.0,0.0,0.0062344139650872795,0.0,0.0,0.0,0.0,0.0,0.0,0.0,0.0,0.0,0.0,0.0,0.0,0.0,0.0,0.0,0.0,0.0,0.0,0.0,0.0,0.0,0.0,0.0,0.0,0.0,0.0,0.0,0.0,0.0,0.0,0.0,0.0,0.0,0.0,0.0,0.0,0.0,0.0,0.0,0.0,0.0,0.0,0.0,0.0,0.0,0.0,0.0,0.0,0.0,0.0
Shelf pelagic sharks,0.0,0.0,0.0,0.0,0.0,0.0,0.0,0.0,0.0,0.0,0.0,0.0,0.0,0.0,0.0,0.0,0.0,0.0,0.0,0.15,0.0,0.0,0.0,0.0,0.0,0.0,0.0,0.0,0.0,0.0,0.0,0.0,0.0,0.0,0.0,0.0,0.0,0.0,0.0,0.0,0.0,0.0,0.0,0.0,0.0,0.0,0.0,0.0,0.0,0.0,0.0,0.0,0.0,0.0,0.0,0.0,0.0,0.0,0.0,0.0,0.0,0.0
Migratory mesopelagics,0.0,0.21999999999999995,0.0,0.09999999999999996,0.0,0.0,0.0,0.0,0.02,0.0,0.0,0.0,0.047058823529411764,0.1,0.11111111111111108,0.21,0.039999999999999994,0.18,0.0,0.0,0.0,0.060975609756097546,0.07499999999999998,0.125,0.0,0.0,0.0,0.30555555555555547,0.41,0.05,0.29999999999999993,0.0,0.33,0.0,0.0,0.0,0.175,0.0,0.0,0.15,0.0,0.19999999999999996,0.0,0.0,0.05128205128205127,0.07499999999999998,0.059999999999999984,0.1,0.0,0.0,0.0,0.1188118811881188,0.23999999999999994,0.0,0.08235294117647056,0.05,0.02,0.0,0.05,0.16999999999999998,0.0,0.0
Shearwaters,0.0,0.0,0.0,0.0,0.0,0.0,0.0,0.0,0.0,0.0,0.0,0.0062344139650872795,0.0,0.0,0.0,0.0,0.0,0.0,0.0,0.0,0.0,0.0,0.0,0.0,0.0,0.0,0.0,0.0,0.0,0.0,0.0,0.0,0.0,0.0,0.0,0.0,0.0,0.0,0.0,0.0,0.0,0.0,0.0,0.0,0.0,0.0,0.0,0.0,0.0,0.0,0.0,0.0,0.0,0.0,0.0,0.0,0.0,0.0,0.0,0.0,0.0,0.0
Deep macrozoobenthos,0.0,0.08999999999999998,0.0,0.03999999999999998,0.0,0.0,0.0,0.0,0.0,0.0,0.0,0.0,0.001176470588235294,0.0,0.0,0.0,0.0,0.1,0.0,0.0,0.0,0.0,0.0,0.0,0.0,0.0,0.0,0.0,0.0,0.0,0.06999999999999999,0.0,0.0,0.0,0.0,0.0,0.0,0.0,0.0,0.0,0.0,0.0,0.0,0.0,0.0,0.0,0.0,0.02,0.0,0.0,0.0,0.019801980198019802,0.0,0.0,0.0,0.0,0.0,0.0,0.0,0.0,0.0,0.0
Common dolphins,0.0,0.0,0.0,0.0,0.0,0.0,0.0,0.0,0.0,0.0,0.0,0.009975062344139647,0.0,0.0,0.0,0.0,0.0,0.0,0.0,0.0,0.0,0.0,0.0,0.0,0.0,0.0,0.0,0.0,0.0,0.0,0.0,0.0,0.0,0.0,0.0,0.0,0.0,0.0,0.0,0.0,0.0,0.0,0.0,0.0,0.0,0.0,0.0,0.0,0.0,0.0,0.0,0.0,0.0,0.0,0.0,0.0,0.0,0.0,0.0,0.029999999999999992,0.0,0.0
Tunas and billfish,0.0,0.0,0.0,0.0,0.0,0.0,0.0,0.0,0.0,0.0,0.0,0.04364089775561096,0.0,0.0,0.0,0.0,0.07999999999999999,0.0,0.0,0.0,0.0,0.0,0.0,0.0,0.0,0.0,0.0,0.0,0.0,0.0,0.0,0.0,0.0,0.0,0.0,0.0,0.0,0.0,0.0,0.0,0.0,0.0,0.0,0.0,0.0,0.0,0.0,0.0,0.0,0.0,0.0,0.0,0.0,0.0,0.0,0.0,0.0,0.0,0.0,0.039999999999999994,0.0,0.0
Non-migrating mesopelagics,0.04,0.019999999999999997,0.0,0.07999999999999996,0.0,0.0,0.07692307692307691,0.0,0.0,0.0,0.0,0.0,0.001176470588235294,0.1,0.0833333333333333,0.05,0.019999999999999997,0.08,0.0,0.0,0.0,0.0,0.07499999999999998,0.125,0.0,0.14999999999999997,0.0,0.13888888888888887,0.02,0.0,0.039999999999999994,0.0,0.0,0.0,0.0,0.0,0.175,0.0,0.0,0.1,0.0,0.0,0.0,0.0,0.0,0.07499999999999998,0.0,0.0,0.0,0.0,0.0,0.04950495049504951,0.04999999999999999,0.2,0.03529411764705881,0.0,0.0,0.0,0.04,0.09999999999999998,0.0,0.0
Microzooplankton,0.0,0.0,0.0,0.0,0.0,0.0,0.0,0.15,0.01,0.0,0.0,0.0,0.0,0.0,0.05555555555555554,0.0,0.0,0.0,0.0,0.0,0.0,0.0,0.0,0.0,0.0,0.0,0.0,0.0,0.0,0.07,0.0,0.0,0.0,0.0,0.0,0.0,0.0,0.1,0.0,0.0,0.0,0.0,0.0,0.0,0.0,0.0,0.06999999999999999,0.0,0.1,0.33,0.0,0.0,0.0,0.0,0.0,0.0,0.06,0.0,0.0,0.0,0.4653465346534653,0.0396039603960396
Garfish,0.0,0.0,0.0,0.0,0.0,0.0,0.0,0.0,0.0,0.0,0.02,0.0,0.0,0.0,0.0,0.0,0.0,0.0,0.0,0.0,0.0,0.0,0.0,0.0,0.0,0.0,0.0,0.0,0.0,0.0,0.0,0.0,0.0,0.0,0.0,0.0,0.0,0.0,0.01,0.0,0.0,0.0,0.0,0.0,0.0,0.0,0.0,0.0,0.0,0.0,0.0,0.0,0.0,0.0,0.0,0.0,0.0,0.0,0.0,0.0,0.0,0.0
Rock lobster,0.0,0.0,0.0,0.0,0.0,0.0,0.0,0.0,0.0,0.0,0.02,0.0,0.0,0.0,0.0,0.0,0.0,0.0,0.0,0.0,0.12499999999999997,0.0,0.0,0.0,0.0,0.0,0.0,0.0,0.0,0.04,0.0,0.0,0.0,0.0,0.0,0.0,0.0,0.0,0.0,0.0,0.0,0.0,0.0,0.0,0.0,0.0,0.0,0.06,0.0,0.0,0.07500000000000001,0.0,0.0,0.0,0.0,0.03,0.0,0.0,0.0,0.0,0.0,0.0
Shelf demersal sharks,0.0,0.0,0.0,0.0,0.0,0.0,0.0,0.0,0.0,0.0,0.0,0.0,0.0,0.0,0.0,0.0,0.0,0.0,0.0,0.0,0.0,0.0,0.0,0.0,0.0,0.0,0.0,0.0,0.0,0.0,0.0,0.0,0.0,0.0,0.0,0.0,0.0,0.0,0.22,0.0,0.0,0.0,0.0,0.0,0.0,0.0,0.0,0.0,0.0,0.0,0.0,0.0,0.0,0.0,0.0,0.0,0.0,0.0,0.0,0.0,0.0,0.0
Shelf small demersal piscivores,0.04,0.019999999999999997,0.0,0.0,0.0,0.0,0.0,0.0,0.0,0.0,0.0,0.18703241895261838,0.0,0.0,0.0,0.12,0.0,0.0,0.0,0.0,0.0,0.08536585365853656,0.19999999999999996,0.0,0.0,0.09999999999999998,0.0,0.0,0.0,0.0,0.0,0.0,0.0,0.0,0.0,0.0,0.05,0.0,0.02,0.04,0.0,0.019999999999999997,0.0,0.37,0.0,0.24999999999999994,0.0,0.0,0.0,0.0,0.10000000000000003,0.0,0.0,0.25,0.0941176470588235,0.15,0.0,0.0,0.0,0.0,0.0,0.0
Small petrels,0.0,0.0,0.0,0.0,0.0,0.0,0.0,0.0,0.0,0.0,0.0,0.0062344139650872795,0.0,0.0,0.0,0.0,0.0,0.0,0.0,0.0,0.0,0.0,0.0,0.0,0.0,0.029999999999999992,0.0,0.0,0.0,0.0,0.0,0.0,0.0,0.0,0.0,0.0,0.0,0.0,0.0,0.02,0.0,0.0,0.0,0.0,0.0,0.0,0.0,0.0,0.0,0.0,0.0,0.0,0.0,0.0,0.0,0.0,0.0,0.0,0.0,0.0,0.0,0.0
Benthic carnivores (infauna),0.02,0.0,0.0,0.05999999999999997,0.0,0.0,0.0,0.0,0.03,0.0,0.0,0.0,0.003529411764705882,0.0,0.0,0.0,0.0,0.0,0.0,0.0,0.0,0.12195121951219509,0.029999999999999992,0.0,0.0,0.0,0.0,0.02777777777777777,0.0,0.1,0.06999999999999999,0.0,0.0,0.0,0.0,0.25,0.0,0.05,0.0,0.0,0.0,0.0,0.0,0.0,0.08547008547008546,0.039999999999999994,0.16999999999999998,0.06,0.0,0.0,0.0,0.0,0.0,0.0,0.0,0.0,0.13,0.0,0.0,0.0,0.0,0.0
Shelf large pelagic piscivores,0.13,0.029999999999999992,0.0,0.06999999999999998,0.0,0.0,0.07692307692307691,0.0,0.0,0.0,0.34,0.1246882793017456,0.0,0.08,0.0,0.05,0.22999999999999995,0.0,0.0,0.0,0.0,0.04878048780487803,0.0,0.0,0.0,0.07999999999999999,0.034482758620689655,0.0,0.03,0.0,0.0,0.0,0.0,0.0,0.0,0.0,0.0,0.0,0.18,0.08,0.0,0.07999999999999999,0.0,0.0,0.0,0.0,0.0,0.0,0.0,0.0,0.10000000000000003,0.009900990099009901,0.029999999999999992,0.0,0.14117647058823524,0.25,0.0,0.0,0.0,0.019999999999999997,0.0,0.0
Offshore pelagic invertivores large,0.0,0.0,0.0,0.0,0.0,0.0,0.0,0.0,0.0,0.0,0.0,0.0,0.0,0.0,0.0,0.0,0.0,0.0,0.0,0.0,0.0,0.0,0.0,0.0,0.0,0.0,0.0,0.0,0.0,0.0,0.0,0.0,0.0,0.0,0.0,0.0,0.0,0.0,0.0,0.0,0.0,0.0,0.0,0.0,0.0,0.0,0.0,0.0,0.0,0.0,0.0,0.0,0.0,0.0,0.0,0.0,0.0,0.0,0.0,0.0,0.0,0.0
Shelf large demersal omnivores,0.0,0.0,0.0,0.0,0.0,0.0,0.0,0.0,0.0,0.0,0.0,0.0,0.0,0.0,0.0,0.0,0.0,0.0,0.0,0.0,0.0,0.0,0.0,0.0,0.0,0.0,0.0,0.0,0.0,0.0,0.0,0.0,0.0,0.0,0.0,0.0,0.0,0.0,0.0,0.0,0.0,0.0,0.0,0.0,0.0,0.0,0.0,0.0,0.0,0.0,0.0,0.0,0.0,0.0,0.0,0.0,0.0,0.0,0.0,0.0,0.0,0.0
Offshore pelagic piscivores,0.02,0.0,0.0,0.0,0.0,0.0,0.0,0.0,0.0,0.0,0.08,0.0,0.0,0.0,0.0,0.02,0.06999999999999999,0.0,0.0,0.0,0.0,0.0,0.0,0.0,0.0,0.0,0.0,0.0,0.0,0.0,0.0,0.0,0.0,0.0,0.0,0.0,0.0,0.0,0.0,0.0,0.0,0.04999999999999999,0.0,0.0,0.0,0.09999999999999998,0.0,0.0,0.0,0.0,0.0,0.0297029702970297,0.0,0.0,0.0,0.0,0.0,0.0,0.0,0.04999999999999999,0.0,0.0
Crabs & bugs,0.02,0.019999999999999997,0.0,0.01999999999999999,0.0,0.0,0.03296703296703296,0.0,0.0,0.0,0.0,0.012468827930174559,0.0,0.0,0.0,0.0,0.0,0.0,0.0,0.0,0.0,0.0,0.0,0.03,0.0,0.039999999999999994,0.29310344827586204,0.02777777777777777,0.0,0.05,0.0,0.0,0.0,0.009999999999999998,0.0,0.0,0.0,0.0,0.04,0.01,0.0,0.0,0.0,0.0,0.017094017094017092,0.07999999999999999,0.019999999999999997,0.16,0.0,0.0,0.07500000000000001,0.07920792079207921,0.029999999999999992,0.0,0.058823529411764684,0.0,0.0,0.0,0.0,0.0,0.0049504950495049506,0.0
Slope large demersal omnivores,0.0,0.0,0.0,0.0,0.0,0.0,0.0,0.0,0.0,0.0,0.0,0.0,0.0,0.0,0.0,0.0,0.0,0.0,0.0,0.0,0.0,0.0,0.0,0.0,0.0,0.0,0.0,0.0,0.0,0.0,0.0,0.0,0.0,0.0,0.0,0.0,0.0,0.0,0.0,0.0,0.0,0.0,0.0,0.0,0.0,0.0,0.0,0.0,0.0,0.0,0.0,0.0,0.0,0.0,0.0,0.0,0.0,0.0,0.0,0.0,0.0,0.0
Import,0.45,0.0,1.0,0.0,1.0,0.0,0.0,0.0,0.0,0.0,0.0,0.012468827930174559,0.0,0.01,0.0,0.0,0.0,0.0,0.0,0.0,0.0,0.0,0.0,0.0,0.0,0.0,0.0,0.0,0.0,0.0,0.0,1.0,0.0,0.0,0.0,0.0,0.0,0.0,0.0,0.02,0.0,0.0,0.0,0.0,0.0,0.0,0.0,0.0,0.0,0.0,0.05000000000000002,0.0,0.0,0.0,0.0,0.0,0.0,0.0,0.02,0.0,0.0,0.0
Redbait,0.0,0.0,0.0,0.0,0.0,0.0,0.0,0.0,0.0,0.0,0.0,0.0,0.0,0.0,0.0,0.0,0.0,0.0,0.0,0.0,0.0,0.0,0.0,0.0,0.0,0.0,0.0,0.0,0.0,0.0,0.0,0.0,0.0,0.0,0.0,0.0,0.0,0.0,0.0,0.0,0.0,0.0,0.0,0.0,0.0,0.0,0.0,0.0,0.0,0.0,0.0,0.0,0.0,0.0,0.0,0.04,0.0,0.0,0.0,0.0,0.0,0.0
Deep filter feeders,0.0,0.0,0.0,0.0,0.0,0.0,0.0,0.0,0.0,0.0,0.0,0.0,0.0,0.0,0.0,0.0,0.0,0.0,0.0,0.0,0.0,0.0,0.0,0.0,0.0,0.0,0.0,0.0,0.0,0.0,0.0,0.0,0.0,0.009999999999999998,0.0,0.0,0.0,0.0,0.0,0.0,0.01,0.0,0.0,0.0,0.0,0.0,0.0,0.0,0.0,0.0,0.0,0.0,0.0,0.0,0.0,0.0,0.01,0.0,0.0,0.0,0.0,0.0
Detritus,0.01,0.0,0.0,0.0,0.0,1.0,0.0,0.0,0.0,0.0,0.0,0.0,0.0,0.0,0.0,0.0,0.0,0.0,0.04,0.0,0.039999999999999994,0.0,0.0,0.0,0.0,0.0,0.0,0.0,0.0,0.0,0.0,0.0,0.0,0.22999999999999995,1.0,0.0,0.0,0.0,0.0,0.0,0.33,0.0,0.85,0.0,0.0,0.0,0.0,0.0,0.04,0.0,0.0,0.0,0.0,0.01,0.0,0.0,0.0,0.12,0.0,0.0,0.0,0.0792079207920792
Western king prawn,0.0,0.0,0.0,0.01999999999999999,0.0,0.0,0.0,0.0,0.0,0.0,0.0,0.0,0.0,0.0,0.0,0.0,0.0,0.0,0.0,0.0,0.0,0.0,0.07999999999999999,0.0,0.0,0.0,0.0,0.02777777777777777,0.0,0.0,0.0,0.0,0.0,0.0,0.0,0.25,0.0,0.0,0.23,0.0,0.0,0.0,0.0,0.0,0.0,0.0,0.0,0.02,0.0,0.0,0.0,0.0,0.04999999999999999,0.0,0.0,0.0,0.0,0.0,0.0,0.0,0.0049504950495049506,0.0
Little Penguins,0.0,0.0,0.0,0.0,0.0,0.0,0.0,0.0,0.0,0.0,0.0,0.0,0.0,0.0,0.0,0.0,0.0,0.0,0.0,0.0,0.0,0.0,0.0,0.0,0.0,0.0,0.0,0.0,0.0,0.0,0.0,0.0,0.0,0.0,0.0,0.0,0.0,0.0,0.0,0.0,0.0,0.039999999999999994,0.0,0.0,0.0,0.0,0.0,0.0,0.0,0.0,0.10000000000000003,0.0,0.0,0.0,0.0,0.0,0.0,0.0,0.0,0.0,0.0,0.0
Gelatinous zooplankton,0.01,0.06999999999999999,0.0,0.01999999999999999,0.0,0.0,0.05494505494505494,0.04,0.02,0.0,0.0,0.0,0.023529411764705882,0.05,0.05555555555555554,0.12,0.0,0.07,0.0,0.0,0.0,0.024390243902439015,0.04999999999999999,0.07,0.0,0.029999999999999992,0.17241379310344826,0.02777777777777777,0.02,0.0,0.0,0.0,0.0,0.0,0.0,0.0,0.01,0.01,0.0,0.0,0.01,0.0,0.0,0.0,0.034188034188034185,0.0,0.0,0.02,0.0,0.0,0.0,0.009900990099009901,0.019999999999999997,0.0,0.0,0.0,0.02,0.0,0.1,0.009999999999999998,0.009900990099009901,0.00495049504950495
Offshore pelagic sharks,0.0,0.0,0.0,0.0,0.0,0.0,0.0,0.0,0.0,0.0,0.0,0.0,0.0,0.0,0.0,0.0,0.0,0.0,0.0,0.0,0.0,0.0,0.0,0.0,0.0,0.0,0.0,0.0,0.0,0.0,0.0,0.0,0.0,0.0,0.0,0.0,0.0,0.0,0.12,0.0,0.0,0.0,0.0,0.0,0.0,0.0,0.0,0.0,0.0,0.0,0.0,0.0,0.0,0.0,0.0,0.0,0.0,0.0,0.0,0.0,0.0,0.0
Albatross,0.0,0.0,0.0,0.0,0.0,0.0,0.0,0.0,0.0,0.0,0.0,0.0062344139650872795,0.0,0.0,0.0,0.0,0.0,0.0,0.0,0.0,0.0,0.0,0.0,0.0,0.0,0.0,0.0,0.0,0.0,0.0,0.0,0.0,0.0,0.0,0.0,0.0,0.0,0.0,0.0,0.0,0.0,0.0,0.0,0.0,0.0,0.0,0.0,0.0,0.0,0.0,0.0,0.0,0.0,0.0,0.0,0.0,0.0,0.0,0.0,0.0,0.0,0.0
Benthic grazers,0.0,0.0,0.0,0.0,0.0,0.0,0.0,0.0,0.35,0.0,0.0,0.0,0.0,0.0,0.0,0.0,0.0,0.0,0.0,0.0,0.12499999999999997,0.0,0.029999999999999992,0.0,0.0,0.0,0.0,0.0,0.0,0.1,0.0,0.0,0.0,0.029999999999999992,0.0,0.0,0.0,0.0,0.0,0.0,0.0,0.0,0.0,0.0,0.08547008547008546,0.0,0.0,0.06,0.0,0.0,0.0,0.0,0.0,0.0,0.0,0.0,0.0,0.0,0.0,0.0,0.0,0.0
Long-nosed fur seal,0.0,0.0,0.0,0.0,0.0,0.0,0.0,0.0,0.0,0.0,0.0,0.002493765586034912,0.0,0.0,0.0,0.0,0.0,0.0,0.0,0.0,0.0,0.0,0.0,0.0,0.0,0.0,0.0,0.0,0.0,0.0,0.0,0.0,0.0,0.0,0.0,0.0,0.0,0.0,0.0,0.0,0.0,0.0,0.0,0.0,0.0,0.0,0.0,0.0,0.0,0.0,0.0,0.0,0.0,0.0,0.0,0.0,0.0,0.0,0.0,0.0,0.0,0.0
Pelagic bacteria,0.0,0.0,0.0,0.0,0.0,0.0,0.0,0.03,0.0,0.0,0.0,0.0,0.0,0.0,0.0,0.0,0.0,0.0,0.02,0.0,0.0,0.0,0.0,0.0,0.0,0.0,0.0,0.0,0.0,0.0,0.0,0.0,0.0,0.0,0.0,0.0,0.0,0.0,0.0,0.0,0.0,0.0,0.05,0.0,0.0,0.0,0.0,0.0,0.02,0.0,0.0,0.0,0.0,0.0,0.0,0.0,0.0,0.0,0.0,0.0,0.0,0.00495049504950495
Squid & cuttlefish shelf,0.02,0.009999999999999998,0.0,0.029999999999999985,0.0,0.0,0.0,0.0,0.0,0.0,0.0,0.07231920199501245,0.0,0.075,0.0,0.03,0.0,0.0,0.0,0.0,0.0,0.0,0.06999999999999999,0.0,0.0,0.039999999999999994,0.0,0.0,0.0,0.0,0.0,0.0,0.0,0.0,0.0,0.0,0.06,0.0,0.0,0.01,0.0,0.0,0.0,0.26,0.0,0.059999999999999984,0.0,0.0,0.0,0.0,0.07500000000000001,0.1485148514851485,0.0,0.15,0.07058823529411762,0.12,0.0,0.0,0.0,0.0,0.0,0.0
Shelf small demersal omnivores,0.0,0.029999999999999992,0.0,0.04999999999999998,0.0,0.0,0.010989010989010988,0.0,0.0,0.0,0.04,0.0,0.0,0.05,0.0,0.0,0.029999999999999992,0.0,0.02,0.35,0.0,0.18292682926829262,0.039999999999999994,0.0,0.0,0.0,0.0,0.02777777777777777,0.01,0.0,0.0,0.0,0.0,0.0,0.0,0.0,0.0,0.0,0.0,0.0,0.0,0.0,0.0,0.0,0.0,0.029999999999999992,0.0,0.1,0.0,0.0,0.0,0.009900990099009901,0.019999999999999997,0.0,0.0,0.0,0.0,0.0,0.0,0.059999999999999984,0.0,0.0
Shelf large demersal piscivores,0.04,0.029999999999999992,0.0,0.04999999999999998,0.0,0.0,0.010989010989010988,0.0,0.0,0.0,0.06,0.1246882793017456,0.0058823529411764705,0.0,0.0,0.03,0.029999999999999992,0.0,0.0,0.0,0.0,0.09756097560975606,0.0,0.0,0.0,0.04999999999999999,0.0,0.02777777777777777,0.01,0.0,0.0,0.0,0.0,0.0,0.0,0.0,0.0,0.0,0.0,0.03,0.0,0.06999999999999999,0.0,0.0,0.0,0.0,0.0,0.0,0.0,0.0,0.10000000000000003,0.009900990099009901,0.07999999999999999,0.0,0.11764705882352937,0.2,0.0,0.5,0.0,0.12999999999999998,0.0,0.0
Slope small demersal invertivores,0.0,0.0,0.0,0.0,0.0,0.0,0.0,0.0,0.0,0.0,0.0,0.0,0.0,0.0,0.0,0.0,0.0,0.0,0.0,0.0,0.0,0.0,0.0,0.0,0.0,0.0,0.0,0.0,0.0,0.0,0.0,0.0,0.0,0.0,0.0,0.0,0.0,0.0,0.0,0.0,0.0,0.0,0.0,0.0,0.0,0.0,0.0,0.0,0.0,0.0,0.0,0.0,0.0,0.0,0.0,0.0,0.0,0.0,0.0,0.0,0.0,0.0
Octopus shelf,0.0,0.0,0.0,0.029999999999999985,0.0,0.0,0.0,0.0,0.0,0.0,0.0,0.0623441396508728,0.0,0.0,0.0,0.0,0.019999999999999997,0.0,0.0,0.0,0.0,0.0,0.0,0.01,0.0,0.0,0.0,0.02777777777777777,0.0,0.0,0.0,0.0,0.0,0.0,0.0,0.0,0.07,0.0,0.0,0.02,0.0,0.09999999999999998,0.0,0.0,0.0,0.029999999999999992,0.0,0.0,0.0,0.0,0.07500000000000001,0.009900990099009901,0.0,0.1,0.0,0.08,0.0,0.0,0.0,0.07999999999999999,0.0,0.0
Small phytoplankton,0.0,0.0,0.0,0.0,0.0,0.0,0.0,0.2,0.02,0.0,0.0,0.0,0.0,0.0,0.02777777777777777,0.0,0.0,0.0,0.3,0.0,0.0,0.0,0.0,0.0,0.0,0.009999999999999998,0.0,0.0,0.0,0.0,0.0,0.0,0.12,0.0,0.0,0.0,0.0,0.15,0.0,0.0,0.0,0.0,0.1,0.0,0.0,0.0,0.019999999999999997,0.0,0.41,0.0,0.0,0.0,0.0,0.0,0.0,0.0,0.08,0.0,0.0,0.0,0.0049504950495049506,0.1683168316831683
Benthic detritivore,0.0,0.0,0.0,0.0,0.0,0.0,0.04395604395604395,0.0,0.05,0.0,0.0,0.0,0.001176470588235294,0.0,0.0,0.0,0.0,0.0,0.0,0.0,0.09499999999999997,0.0,0.0,0.0,0.0,0.0,0.0,0.02777777777777777,0.0,0.2,0.0,0.0,0.0,0.009999999999999998,0.0,0.0,0.0,0.0,0.0,0.0,0.0,0.019999999999999997,0.0,0.0,0.08547008547008546,0.0,0.15999999999999998,0.0,0.0,0.17,0.0,0.0,0.14999999999999997,0.0,0.0,0.0,0.05,0.0,0.0,0.0,0.0,0.0
Australian sea lion,0.0,0.0,0.0,0.0,0.0,0.0,0.0,0.0,0.0,0.0,0.0,0.001246882793017456,0.0,0.0,0.0,0.0,0.0,0.0,0.0,0.0,0.0,0.0,0.0,0.0,0.0,0.0,0.0,0.0,0.0,0.0,0.0,0.0,0.0,0.0,0.0,0.0,0.0,0.0,0.0,0.0,0.0,0.0,0.0,0.0,0.0,0.0,0.0,0.0,0.0,0.0,0.0,0.0,0.0,0.0,0.0,0.0,0.0,0.0,0.0,0.0,0.0,0.0
Deep squid,0.0,0.0,0.0,0.09999999999999996,0.0,0.0,0.0,0.0,0.0,0.0,0.02,0.05236907730673315,0.002352941176470588,0.075,0.11111111111111108,0.11,0.25999999999999995,0.12,0.0,0.0,0.0,0.03658536585365852,0.0,0.15,0.0,0.0,0.0,0.02777777777777777,0.04,0.0,0.06999999999999999,0.0,0.0,0.0,0.0,0.0,0.07,0.0,0.01,0.35,0.0,0.24999999999999994,0.0,0.0,0.0,0.0,0.0,0.0,0.0,0.0,0.0,0.0891089108910891,0.039999999999999994,0.0,0.0,0.0,0.0,0.0,0.04,0.20999999999999994,0.0,0.0
Skates and rays,0.0,0.0,0.0,0.009999999999999995,0.0,0.0,0.0,0.0,0.0,0.0,0.0,0.049875311720698236,0.0,0.0,0.0,0.0,0.0,0.0,0.0,0.0,0.0,0.0,0.0,0.0,0.0,0.0,0.0,0.0,0.0,0.0,0.0,0.0,0.0,0.0,0.0,0.0,0.0,0.0,0.0,0.0,0.0,0.019999999999999997,0.0,0.0,0.0,0.019999999999999997,0.0,0.0,0.0,0.0,0.0,0.0,0.0,0.0,0.023529411764705875,0.01,0.0,0.0,0.0,0.0,0.0,0.0
Bottlenose dolphins,0.0,0.0,0.0,0.0,0.0,0.0,0.0,0.0,0.0,0.0,0.0,0.008728179551122192,0.0,0.0,0.0,0.0,0.0,0.0,0.0,0.0,0.0,0.0,0.0,0.0,0.0,0.0,0.0,0.0,0.0,0.0,0.0,0.0,0.0,0.0,0.0,0.0,0.0,0.0,0.0,0.0,0.0,0.0,0.0,0.0,0.0,0.0,0.0,0.0,0.0,0.0,0.0,0.0,0.0,0.0,0.0,0.0,0.0,0.0,0.0,0.0,0.0,0.0
Shags and cormorants,0.0,0.0,0.0,0.0,0.0,0.0,0.0,0.0,0.0,0.0,0.0,0.0,0.0,0.0,0.0,0.0,0.0,0.0,0.0,0.0,0.0,0.0,0.0,0.0,0.0,0.0,0.0,0.0,0.0,0.0,0.0,0.0,0.0,0.0,0.0,0.0,0.0,0.0,0.0,0.0,0.0,0.0,0.0,0.0,0.0,0.0,0.0,0.0,0.0,0.0,0.0,0.0,0.0,0.0,0.0,0.0,0.0,0.0,0.0,0.0,0.0,0.0
Australian fur seal,0.0,0.0,0.0,0.0,0.0,0.0,0.0,0.0,0.0,0.0,0.0,0.002493765586034912,0.0,0.0,0.0,0.0,0.0,0.0,0.0,0.0,0.0,0.0,0.0,0.0,0.0,0.0,0.0,0.0,0.0,0.0,0.0,0.0,0.0,0.0,0.0,0.0,0.0,0.0,0.0,0.0,0.0,0.0,0.0,0.0,0.0,0.0,0.0,0.0,0.0,0.0,0.0,0.0,0.0,0.0,0.0,0.0,0.0,0.0,0.0,0.0,0.0,0.0
Large zooplankton,0.01,0.21999999999999995,0.0,0.06999999999999998,0.0,0.0,0.03296703296703296,0.1,0.03,0.0,0.16,0.012468827930174559,0.23529411764705882,0.12,0.12499999999999996,0.01,0.059999999999999984,0.15,0.0,0.0,0.0,0.0,0.07999999999999999,0.2,0.0,0.06999999999999999,0.034482758620689655,0.05555555555555554,0.3,0.0,0.30999999999999994,0.0,0.33,0.039999999999999994,0.0,0.0,0.12,0.03,0.0,0.08,0.0,0.09999999999999998,0.0,0.0,0.08547008547008546,0.06999999999999999,0.10999999999999997,0.0,0.0,0.0,0.0,0.04950495049504951,0.11999999999999997,0.03,0.04705882352941175,0.0,0.12,0.0,0.45,0.06999999999999999,0.019801980198019802,0.0099009900990099
Meiobenthos,0.0,0.0,0.0,0.0,0.0,0.0,0.0,0.0,0.0,0.0,0.0,0.0,0.0,0.0,0.0,0.0,0.0,0.0,0.0,0.0,0.0,0.0,0.0,0.0,0.0,0.0,0.0,0.0,0.0,0.0,0.0,0.0,0.0,0.0,0.0,0.0,0.0,0.0,0.0,0.0,0.0,0.0,0.0,0.0,0.0,0.0,0.0,0.0,0.0,0.0,0.0,0.0,0.0,0.0,0.0,0.0,0.0,0.0,0.0,0.0,0.0,0.0
Baleen whales,0.0,0.0,0.0,0.0,0.0,0.0,0.0,0.0,0.0,0.0,0.0,0.049875311720698236,0.0,0.0,0.0,0.0,0.0,0.0,0.0,0.0,0.0,0.0,0.0,0.0,0.0,0.0,0.0,0.0,0.0,0.0,0.0,0.0,0.0,0.0,0.0,0.0,0.0,0.0,0.0,0.0,0.0,0.0,0.0,0.0,0.0,0.0,0.0,0.0,0.0,0.0,0.0,0.0,0.0,0.0,0.0,0.0,0.0,0.0,0.0,0.019999999999999997,0.0,0.0
Toothed whales,0.0,0.0,0.0,0.0,0.0,0.0,0.0,0.0,0.0,0.0,0.0,0.049875311720698236,0.0,0.0,0.0,0.0,0.0,0.0,0.0,0.0,0.0,0.0,0.0,0.0,0.0,0.0,0.0,0.0,0.0,0.0,0.0,0.0,0.0,0.0,0.0,0.0,0.0,0.0,0.0,0.0,0.0,0.0,0.0,0.0,0.0,0.0,0.0,0.0,0.0,0.0,0.0,0.0,0.0,0.0,0.0,0.0,0.0,0.0,0.0,0.0,0.0,0.0
Anchovy and other small pelagics,0.13,0.09999999999999998,0.0,0.06999999999999998,0.0,0.0,0.09890109890109888,0.0,0.0,0.0,0.18,0.0,0.0,0.25,0.0,0.01,0.14999999999999997,0.02,0.0,0.0,0.0,0.09756097560975606,0.11999999999999997,0.08,0.0,0.24999999999999994,0.0,0.02777777777777777,0.0,0.0,0.0,0.0,0.0,0.0,0.0,0.0,0.25,0.0,0.01,0.01,0.0,0.0,0.0,0.0,0.0,0.11999999999999997,0.0,0.0,0.0,0.0,0.25000000000000006,0.3465346534653465,0.06999999999999999,0.2,0.29411764705882343,0.07,0.0,0.0,0.1,0.0,0.019801980198019802,0.0
Shelf filter feeders,0.01,0.0,0.0,0.0,0.0,0.0,0.0,0.0,0.06,0.0,0.0,0.0,0.0,0.02,0.02777777777777777,0.0,0.0,0.0,0.0,0.0,0.37499999999999994,0.060975609756097546,0.04999999999999999,0.05,0.0,0.0,0.034482758620689655,0.02777777777777777,0.0,0.12,0.029999999999999992,0.0,0.0,0.019999999999999997,0.0,0.0,0.0,0.01,0.0,0.02,0.04,0.0,0.0,0.0,0.034188034188034185,0.0,0.13999999999999999,0.24,0.0,0.17,0.0,0.0,0.0,0.0,0.0,0.0,0.1,0.0,0.0,0.0,0.039603960396039604,0.0099009900990099
